jurisdiction,product,route,mqsFile,routeQuestion,questionIds,factKeys,templateKeys,hbsPaths,templatePdfPaths,officialFormKeys,officialPdfPaths,notes
"england","eviction_pack","section_8","config/mqs/complete_pack/england.yaml","eviction_route","eviction_route;notice_service_details;notice_service_method;rent_details;section8_grounds;section8_details;rent_arrears_amount;arrears_schedule;section21_compliance;has_gas_appliances;gas_safety_cert_served;electrical_safety;licensing_required;has_valid_licence;deposit_details;property_address;tenancy_start_date;tenancy_type;fixed_term_end_date;tenant_details;has_joint_tenants;additional_tenants;landlord_details;has_joint_landlords;additional_landlord;court_name;signatory_details;solicitor_details;evidence_section_header;evidence_tenancy_agreement;evidence_bank_statements;evidence_deposit_protection;evidence_prescribed_info;evidence_how_to_rent;evidence_epc;evidence_gas_safety;evidence_notice_service;evidence_correspondence;evidence_other;evidence_uploads;risk_indicators;ground_8_details;ground_10_details;ground_11_details;ground_12_details;ground_13_details;ground_14_details;ground_15_details;ground_17_details;communication_timeline","selected_notice_route;notice_served_date;notice_expiry_date;notice_service_method;rent_amount;rent_frequency;rent_due_day;section8_grounds;section8_details;total_arrears;arrears_at_notice_date;arrears_items;section21.deposit_protected;section21.prescribed_info_served;section21.prescribed_info_date;section21.how_to_rent_served;section21.how_to_rent_date;section21.epc_served;section21.epc_certificate_date;section21.no_retaliatory_notice;has_gas_appliances;section21.gas_safety_cert_served;section21.gas_cert_date;section21.gas_cert_expiry;section21.eicr_provided;section21.eicr_date;section21.eicr_expiry;licensing_required;has_valid_licence;deposit_amount;deposit_protection_date;deposit_scheme_name;deposit_reference;property_address_line1;property_address_town;property_address_postcode;tenancy_start_date;tenancy_type;fixed_term_end_date;tenant_full_name;tenant_email;tenant_phone;has_joint_tenants;tenant2_name;tenant3_name;tenant4_name;landlord_full_name;landlord_address_line1;landlord_address_town;landlord_address_postcode;has_joint_landlords;landlord2_name;court_name;signatory_name;signatory_capacity;signature_date;solicitor_firm;claimant_reference;dx_number;evidence.tenancy_agreement_uploads;evidence.tenancy_agreement_description;evidence.bank_statements_uploads;evidence.bank_statements_description;evidence.deposit_protection_uploads;evidence.prescribed_info_uploads;evidence.how_to_rent_uploads;evidence.epc_uploads;evidence.gas_safety_uploads;evidence.notice_service_uploads;evidence.notice_service_description;evidence.correspondence_uploads;evidence.correspondence_description;evidence.other_uploads;evidence.pack_documents_uploaded;risk.known_tenant_defences;risk.previous_court_proceedings;risk.previous_proceedings_details;risk.disrepair_complaints;risk.disrepair_complaint_date;risk.disrepair_issues_list;risk.tenant_vulnerability;risk.tenant_vulnerability_details;ground_8.arrears_at_notice;ground_8.arrears_current;ground_8.last_payment_date;ground_8.last_payment_amount;ground_8.payment_demands_sent;ground_8.tenant_response;ground_10.arrears_amount;ground_10.arrears_history;ground_10.attempts_to_recover;ground_11.pattern_description;ground_11.late_payment_dates;ground_11.warnings_issued;ground_12.breach_type;ground_12.tenancy_clause;ground_12.breach_dates;ground_12.breach_evidence;ground_12.warnings_issued;ground_13.damage_description;ground_13.damage_discovered_date;ground_13.damage_cost;ground_13.evidence_available;ground_13.tenant_notified;ground_13.tenant_response;ground_14.behaviour_type;ground_14.incident_count;ground_14.incidents_description;ground_14.affected_parties;ground_14.witnesses;ground_14.witness_names;ground_14.police_involved;ground_14.police_reference;ground_14.council_involved;ground_14.council_reference;ground_14.warnings_issued;ground_15.furniture_damaged;ground_15.damage_cost;ground_15.inventory_available;ground_15.evidence_description;ground_17.false_statement;ground_17.when_discovered;ground_17.how_discovered;ground_17.evidence;ground_17.induced_granting;communication.log;communication.total_attempts;communication.tenant_responsiveness","uk/england/templates/notice_only/form_6a_section21/notice.hbs;uk/england/templates/notice_only/form_3_section8/notice.hbs","config/jurisdictions/uk/england/templates/notice_only/form_6a_section21/notice.hbs;config/jurisdictions/uk/england/templates/notice_only/form_3_section8/notice.hbs","","n5;n119","public/official-forms/n5-eng.pdf;public/official-forms/n119-eng.pdf",""
"england","eviction_pack","section_21","config/mqs/complete_pack/england.yaml","eviction_route","eviction_route;notice_service_details;notice_service_method;rent_details;section8_grounds;section8_details;rent_arrears_amount;arrears_schedule;section21_compliance;has_gas_appliances;gas_safety_cert_served;electrical_safety;licensing_required;has_valid_licence;deposit_details;property_address;tenancy_start_date;tenancy_type;fixed_term_end_date;tenant_details;has_joint_tenants;additional_tenants;landlord_details;has_joint_landlords;additional_landlord;court_name;signatory_details;solicitor_details;evidence_section_header;evidence_tenancy_agreement;evidence_bank_statements;evidence_deposit_protection;evidence_prescribed_info;evidence_how_to_rent;evidence_epc;evidence_gas_safety;evidence_notice_service;evidence_correspondence;evidence_other;evidence_uploads;risk_indicators;ground_8_details;ground_10_details;ground_11_details;ground_12_details;ground_13_details;ground_14_details;ground_15_details;ground_17_details;communication_timeline","selected_notice_route;notice_served_date;notice_expiry_date;notice_service_method;rent_amount;rent_frequency;rent_due_day;section8_grounds;section8_details;total_arrears;arrears_at_notice_date;arrears_items;section21.deposit_protected;section21.prescribed_info_served;section21.prescribed_info_date;section21.how_to_rent_served;section21.how_to_rent_date;section21.epc_served;section21.epc_certificate_date;section21.no_retaliatory_notice;has_gas_appliances;section21.gas_safety_cert_served;section21.gas_cert_date;section21.gas_cert_expiry;section21.eicr_provided;section21.eicr_date;section21.eicr_expiry;licensing_required;has_valid_licence;deposit_amount;deposit_protection_date;deposit_scheme_name;deposit_reference;property_address_line1;property_address_town;property_address_postcode;tenancy_start_date;tenancy_type;fixed_term_end_date;tenant_full_name;tenant_email;tenant_phone;has_joint_tenants;tenant2_name;tenant3_name;tenant4_name;landlord_full_name;landlord_address_line1;landlord_address_town;landlord_address_postcode;has_joint_landlords;landlord2_name;court_name;signatory_name;signatory_capacity;signature_date;solicitor_firm;claimant_reference;dx_number;evidence.tenancy_agreement_uploads;evidence.tenancy_agreement_description;evidence.bank_statements_uploads;evidence.bank_statements_description;evidence.deposit_protection_uploads;evidence.prescribed_info_uploads;evidence.how_to_rent_uploads;evidence.epc_uploads;evidence.gas_safety_uploads;evidence.notice_service_uploads;evidence.notice_service_description;evidence.correspondence_uploads;evidence.correspondence_description;evidence.other_uploads;evidence.pack_documents_uploaded;risk.known_tenant_defences;risk.previous_court_proceedings;risk.previous_proceedings_details;risk.disrepair_complaints;risk.disrepair_complaint_date;risk.disrepair_issues_list;risk.tenant_vulnerability;risk.tenant_vulnerability_details;ground_8.arrears_at_notice;ground_8.arrears_current;ground_8.last_payment_date;ground_8.last_payment_amount;ground_8.payment_demands_sent;ground_8.tenant_response;ground_10.arrears_amount;ground_10.arrears_history;ground_10.attempts_to_recover;ground_11.pattern_description;ground_11.late_payment_dates;ground_11.warnings_issued;ground_12.breach_type;ground_12.tenancy_clause;ground_12.breach_dates;ground_12.breach_evidence;ground_12.warnings_issued;ground_13.damage_description;ground_13.damage_discovered_date;ground_13.damage_cost;ground_13.evidence_available;ground_13.tenant_notified;ground_13.tenant_response;ground_14.behaviour_type;ground_14.incident_count;ground_14.incidents_description;ground_14.affected_parties;ground_14.witnesses;ground_14.witness_names;ground_14.police_involved;ground_14.police_reference;ground_14.council_involved;ground_14.council_reference;ground_14.warnings_issued;ground_15.furniture_damaged;ground_15.damage_cost;ground_15.inventory_available;ground_15.evidence_description;ground_17.false_statement;ground_17.when_discovered;ground_17.how_discovered;ground_17.evidence;ground_17.induced_granting;communication.log;communication.total_attempts;communication.tenant_responsiveness","uk/england/templates/notice_only/form_6a_section21/notice.hbs;uk/england/templates/notice_only/form_3_section8/notice.hbs","config/jurisdictions/uk/england/templates/notice_only/form_6a_section21/notice.hbs;config/jurisdictions/uk/england/templates/notice_only/form_3_section8/notice.hbs","","n5;n119;n5b","public/official-forms/n5-eng.pdf;public/official-forms/n119-eng.pdf;public/official-forms/n5b-eng.pdf",""
"england","money_claim","money_claim","config/mqs/money_claim/england.yaml","","basis_of_claim;total_claim_amount;rent_arrears_details;property_damage_details;property_address;defendant_details;claimant_details;pre_action_compliance;preferred_court;risk_indicators;communication_timeline;evidence_uploads;tenancy_agreement_description;arrears_evidence_description;damage_evidence_description;correspondence_description","basis_of_claim;total_claim_amount;monthly_rent;arrears_amount;arrears_from_date;last_payment_date;damage_description;damage_cost;quotes_obtained;property_address_line1;property_address_town;property_address_postcode;tenant_full_name;tenant_address_line1;tenant_address_town;tenant_address_postcode;landlord_full_name;landlord_address_line1;landlord_address_town;landlord_address_postcode;landlord_phone;landlord_email;pre_action.letter_before_claim_sent;pre_action.letter_sent_date;pre_action.response_deadline_passed;preferred_court;risk.tenant_disputes_claim;risk.dispute_details;risk.deposit_dispute_pending;risk.deposit_dispute_amount;risk.tenant_counterclaim_likely;risk.counterclaim_grounds;risk.payment_plan_offered;risk.payment_plan_response;risk.tenant_vulnerability_known;risk.vulnerability_details;communication.first_arrears_notice_date;communication.first_notice_method;communication.subsequent_reminders_sent;communication.final_demand_date;communication.tenant_acknowledged_debt;communication.acknowledgment_date;communication.tenant_made_partial_payment;communication.last_partial_payment_date;communication.last_partial_payment_amount;evidence.money_claim_evidence_uploaded;evidence.tenancy_type;evidence.tenancy_written_or_verbal;evidence.rent_clause_description;evidence.arrears_calculation_method;evidence.arrears_ledger_available;evidence.arrears_period_description;evidence.bank_statements_available;evidence.inventory_checkout_available;evidence.damage_photos_available;evidence.damage_photos_description;evidence.repair_quotes_description;evidence.before_photos_available;evidence.correspondence_preserved;evidence.correspondence_format;evidence.key_correspondence_summary","uk/england/templates/money_claims/pack_cover.hbs;uk/england/templates/money_claims/particulars_of_claim.hbs;uk/england/templates/money_claims/schedule_of_arrears.hbs;uk/england/templates/money_claims/interest_workings.hbs;uk/england/templates/money_claims/evidence_index.hbs;uk/england/templates/money_claims/hearing_prep_sheet.hbs;uk/england/templates/money_claims/letter_before_claim.hbs;uk/england/templates/money_claims/information_sheet_for_defendants.hbs;uk/england/templates/money_claims/reply_form.hbs;uk/england/templates/money_claims/financial_statement_form.hbs;uk/england/templates/money_claims/enforcement_guide.hbs;uk/england/templates/money_claims/filing_guide.hbs","config/jurisdictions/uk/england/templates/money_claims/pack_cover.hbs;config/jurisdictions/uk/england/templates/money_claims/particulars_of_claim.hbs;config/jurisdictions/uk/england/templates/money_claims/schedule_of_arrears.hbs;config/jurisdictions/uk/england/templates/money_claims/interest_workings.hbs;config/jurisdictions/uk/england/templates/money_claims/evidence_index.hbs;config/jurisdictions/uk/england/templates/money_claims/hearing_prep_sheet.hbs;config/jurisdictions/uk/england/templates/money_claims/letter_before_claim.hbs;config/jurisdictions/uk/england/templates/money_claims/information_sheet_for_defendants.hbs;config/jurisdictions/uk/england/templates/money_claims/reply_form.hbs;config/jurisdictions/uk/england/templates/money_claims/financial_statement_form.hbs;config/jurisdictions/uk/england/templates/money_claims/enforcement_guide.hbs;config/jurisdictions/uk/england/templates/money_claims/filing_guide.hbs","","n1","public/official-forms/N1_1224.pdf",""
"england","notice_only","section_21","config/mqs/notice_only/england.yaml","selected_notice_route","landlord_details;selected_notice_route;tenant_full_name;property_details;tenancy_start_date;is_fixed_term;fixed_term_end_date;rent_terms;section21_intro;deposit_taken;deposit_amount;has_gas_appliances;deposit_protected_scheme;deposit_scheme_name;deposit_protection_dates;deposit_compliance_timeline_info;prescribed_info_given;prescribed_info_served_date;gas_safety_certificate;epc_provided;how_to_rent_info;how_to_rent_provided;property_licensing;recent_repair_complaints_s21;compliance_dates;risk_indicators;has_rent_arrears;arrears_details;section8_grounds_selection;ground14_severity;ground_particulars;notice_strategy;notice_service;evidence_tenancy_agreement;evidence_notice_service;evidence_other","landlord_full_name;landlord_address_line1;landlord_address_line2;landlord_city;landlord_postcode;landlord_phone;selected_notice_route;tenant_full_name;property_address_line1;property_address_line2;property_city;property_postcode;tenancy_start_date;is_fixed_term;fixed_term_end_date;rent_amount;rent_frequency;payment_date;deposit_taken;deposit_amount;has_gas_appliances;deposit_protected;deposit_scheme;deposit_paid_date;deposit_protection_date;prescribed_info_given;prescribed_info_date;gas_certificate_provided;epc_provided;how_to_rent_provided;property_licensing_status;recent_repair_complaints;compliance.gas_cert_date;compliance.gas_cert_expiry;compliance.epc_certificate_date;compliance.eicr_provided;compliance.eicr_date;compliance.how_to_rent_date;compliance.prescribed_info_date;risk.disrepair_complaint_date;risk.disrepair_issues_list;risk.previous_court_proceedings;risk.previous_proceedings_details;risk.tenant_vulnerability;risk.tenant_vulnerability_details;has_rent_arrears;arrears_total;arrears_from_date;section8_grounds;ground14_severity;ground_particulars;section_8_particulars;notice_strategy;notice_service.notice_date;notice_service.notice_expiry_date;notice_service.service_method;notice_service.served_by;evidence.tenancy_agreement_uploads;evidence.tenancy_agreement_description;evidence.notice_service_uploads;evidence.notice_service_description;evidence.other_uploads","uk/england/templates/notice_only/form_6a_section21/notice.hbs","config/jurisdictions/uk/england/templates/notice_only/form_6a_section21/notice.hbs","","","",""
"england","notice_only","section_8","config/mqs/notice_only/england.yaml","selected_notice_route","landlord_details;selected_notice_route;tenant_full_name;property_details;tenancy_start_date;is_fixed_term;fixed_term_end_date;rent_terms;section21_intro;deposit_taken;deposit_amount;has_gas_appliances;deposit_protected_scheme;deposit_scheme_name;deposit_protection_dates;deposit_compliance_timeline_info;prescribed_info_given;prescribed_info_served_date;gas_safety_certificate;epc_provided;how_to_rent_info;how_to_rent_provided;property_licensing;recent_repair_complaints_s21;compliance_dates;risk_indicators;has_rent_arrears;arrears_details;section8_grounds_selection;ground14_severity;ground_particulars;notice_strategy;notice_service;evidence_tenancy_agreement;evidence_notice_service;evidence_other","landlord_full_name;landlord_address_line1;landlord_address_line2;landlord_city;landlord_postcode;landlord_phone;selected_notice_route;tenant_full_name;property_address_line1;property_address_line2;property_city;property_postcode;tenancy_start_date;is_fixed_term;fixed_term_end_date;rent_amount;rent_frequency;payment_date;deposit_taken;deposit_amount;has_gas_appliances;deposit_protected;deposit_scheme;deposit_paid_date;deposit_protection_date;prescribed_info_given;prescribed_info_date;gas_certificate_provided;epc_provided;how_to_rent_provided;property_licensing_status;recent_repair_complaints;compliance.gas_cert_date;compliance.gas_cert_expiry;compliance.epc_certificate_date;compliance.eicr_provided;compliance.eicr_date;compliance.how_to_rent_date;compliance.prescribed_info_date;risk.disrepair_complaint_date;risk.disrepair_issues_list;risk.previous_court_proceedings;risk.previous_proceedings_details;risk.tenant_vulnerability;risk.tenant_vulnerability_details;has_rent_arrears;arrears_total;arrears_from_date;section8_grounds;ground14_severity;ground_particulars;section_8_particulars;notice_strategy;notice_service.notice_date;notice_service.notice_expiry_date;notice_service.service_method;notice_service.served_by;evidence.tenancy_agreement_uploads;evidence.tenancy_agreement_description;evidence.notice_service_uploads;evidence.notice_service_description;evidence.other_uploads","uk/england/templates/notice_only/form_3_section8/notice.hbs","config/jurisdictions/uk/england/templates/notice_only/form_3_section8/notice.hbs","","","",""
"england","tenancy_agreement","tenancy_agreement","config/mqs/tenancy_agreement/england.yaml","","ast_tier;ast_suitability;property_address;property_overview;outdoor_space;landlord_details;landlord_address;agent_usage;agent_details;number_of_tenants;tenant_1;tenant_2;tenant_3;tenant_4;tenant_5;tenancy_type_and_dates;rent_details;deposit_details;prescribed_information_served;prescribed_information_date;bills_utilities;meter_readings;safety_compliance;maintenance_repairs;inventory_condition;access_inspections;property_rules;rent_increase;break_clause;break_clause_details;additional_terms;guarantor_required;guarantor_details;joint_liability;hmo_details;tenant_insurance_requirements;detailed_inventory;late_payment_interest;key_schedule;contractor_access;emergency_procedures;maintenance_schedule;garden_maintenance_schedule;move_in_procedures;move_out_procedures;cleaning_standards;evidence_uploads","product_tier;tenancy.ast_suitability.tenant_is_individual;tenancy.ast_suitability.main_home;tenancy.ast_suitability.landlord_lives_at_property;tenancy.ast_suitability.holiday_or_licence;property_address_line1;property_address_town;property_address_postcode;property_type;number_of_bedrooms;furnished_status;parking_available;parking_details;has_garden;garden_maintenance;landlord_full_name;landlord_email;landlord_phone;landlord_address_line1;landlord_address_town;landlord_address_postcode;agent_usage;agent_name;agent_address;agent_email;agent_phone;agent_signs;number_of_tenants;tenants.0.full_name;tenants.0.dob;tenants.0.email;tenants.0.phone;tenants.1.full_name;tenants.1.dob;tenants.1.email;tenants.1.phone;tenants.2.full_name;tenants.2.dob;tenants.2.email;tenants.2.phone;tenants.3.full_name;tenants.3.dob;tenants.3.email;tenants.3.phone;tenants.4.full_name;tenants.4.dob;tenants.4.email;tenants.4.phone;tenancy_start_date;is_fixed_term;term_length;tenancy_end_date;rent_amount;rent_period;rent_due_day;payment_method;payment_details;bank_account_name;bank_sort_code;bank_account_number;deposit_amount;deposit_scheme_name;deposit_paid_date;deposit_protection_date;deposit.already_protected;deposit.reference_number;deposit.prescribed_information_served;deposit.prescribed_information_date;council_tax_responsibility;utilities_responsibility;internet_responsibility;meter_reading_gas;meter_reading_electric;meter_reading_water;utility_transfer_responsibility;gas_safety_certificate;compliance.gas_cert_date;compliance.gas_cert_expiry;electrical_safety_certificate;compliance.eicr_date;compliance.eicr_next_inspection_date;epc_rating;compliance.epc_certificate_date;smoke_alarms_fitted;carbon_monoxide_alarms;how_to_rent_guide_provided;compliance.how_to_rent_date;right_to_rent_check_date;landlord_maintenance_responsibilities;repairs_reporting_method;emergency_contact;inventory_attached;professional_cleaning_required;decoration_condition;property_description;landlord_access_notice;inspection_frequency;end_of_tenancy_viewings;pets_allowed;approved_pets;smoking_allowed;subletting_allowed;rent_increase_clause;rent_increase_method;rent_increase_frequency;break_clause;break_clause_months;break_clause_notice_period;additional_terms;guarantor_required;guarantor_name;guarantor_address;guarantor_email;guarantor_phone;guarantor_dob;guarantor_relationship;joint_and_several_liability;is_hmo;number_of_sharers;communal_areas;hmo_licence_status;hmo_licence_number;hmo_licence_expiry;communal_cleaning;tenant_insurance_required;inventory_schedule_notes;late_payment_interest_applicable;late_payment_interest_rate;grace_period_days;late_payment_admin_fee;number_of_front_door_keys;number_of_back_door_keys;number_of_window_keys;number_of_mailbox_keys;access_cards_fobs;key_replacement_cost;other_keys_notes;contractor_access_notice_period;emergency_access_allowed;contractor_access_hours;tenant_presence_required;emergency_landlord_phone;emergency_plumber_phone;emergency_electrician_phone;emergency_gas_engineer_phone;emergency_locksmith_phone;water_shutoff_location;electricity_fuse_box_location;gas_shutoff_location;boiler_service_frequency;boiler_service_responsibility;gutter_cleaning_frequency;gutter_cleaning_responsibility;window_cleaning_frequency;appliance_maintenance_notes;lawn_mowing_frequency;lawn_mowing_responsibility;hedge_trimming_responsibility;weed_control_responsibility;outdoor_furniture_notes;pre_tenancy_meeting_required;move_in_inspection_required;photographic_inventory_provided;tenant_handbook_provided;utility_accounts_transfer_deadline;council_tax_registration_deadline;checkout_inspection_required;professional_cleaning_standard;carpet_cleaning_required;oven_cleaning_required;garden_condition_required;key_return_deadline;forwarding_address_required;deposit_return_timeline;regular_cleaning_expectations;deep_cleaning_areas;cleaning_checklist_provided;cleaning_cost_estimates;evidence.tenancy_agreement_uploaded;evidence.other_evidence_uploaded","uk/england/templates/standard_ast_formatted.hbs;uk/england/templates/premium_ast_formatted.hbs","config/jurisdictions/uk/england/templates/standard_ast_formatted.hbs;config/jurisdictions/uk/england/templates/premium_ast_formatted.hbs","","","",""
"northern-ireland","tenancy_agreement","tenancy_agreement","config/mqs/tenancy_agreement/northern-ireland.yaml","","ni_tier;ni_suitability;property_address;property_overview;outdoor_space;landlord_details;landlord_address;landlord_registration;agent_usage;agent_details;number_of_tenants;tenant_1;tenant_2;tenant_3;tenant_4;tenant_5;tenancy_type_and_dates;ni_notice_period_days;rent_details;rent_book_requirement_info;deposit_details;prescribed_information_served;bills_utilities;meter_readings;safety_compliance;maintenance_repairs;inventory_condition;access_inspections;property_rules;rent_increase;break_clause;break_clause_details;additional_terms;guarantor_required;guarantor_details;joint_liability;hmo_details;tenant_insurance_requirements;detailed_inventory;late_payment_interest;key_schedule;contractor_access;emergency_procedures;maintenance_schedule;garden_maintenance_schedule;move_in_procedures;move_out_procedures;cleaning_standards;evidence_uploads","product_tier;tenancy.ni_suitability.tenant_is_individual;tenancy.ni_suitability.main_home;tenancy.ni_suitability.landlord_lives_at_property;tenancy.ni_suitability.holiday_or_licence;property_address_line1;property_address_town;property_address_postcode;property_type;number_of_bedrooms;furnished_status;parking_available;parking_details;has_garden;garden_maintenance;landlord_full_name;landlord_email;landlord_phone;landlord_address_line1;landlord_address_town;landlord_address_postcode;landlord_registration_number;agent_usage;agent_name;agent_address;agent_email;agent_phone;agent_signs;number_of_tenants;tenants.0.full_name;tenants.0.dob;tenants.0.email;tenants.0.phone;tenants.1.full_name;tenants.1.dob;tenants.1.email;tenants.1.phone;tenants.2.full_name;tenants.2.dob;tenants.2.email;tenants.2.phone;tenants.3.full_name;tenants.3.dob;tenants.3.email;tenants.3.phone;tenants.4.full_name;tenants.4.dob;tenants.4.email;tenants.4.phone;tenancy_start_date;is_fixed_term;term_length;tenancy_end_date;ni_notice_period_days;rent_amount;rent_period;rent_due_day;payment_method;payment_details;bank_account_name;bank_sort_code;bank_account_number;deposit_amount;deposit_scheme_name;deposit_paid_date;deposit_protection_date;deposit.already_protected;deposit.reference_number;deposit.prescribed_information_served;council_tax_responsibility;utilities_responsibility;internet_responsibility;meter_reading_gas;meter_reading_electric;meter_reading_water;utility_transfer_responsibility;gas_safety_certificate;electrical_safety_certificate;epc_rating;smoke_alarms_fitted;carbon_monoxide_alarms;fitness_standard_compliance;landlord_maintenance_responsibilities;repairs_reporting_method;emergency_contact;inventory_attached;professional_cleaning_required;decoration_condition;property_description;landlord_access_notice;inspection_frequency;end_of_tenancy_viewings;pets_allowed;approved_pets;smoking_allowed;subletting_allowed;rent_increase_clause;rent_increase_method;rent_increase_frequency;break_clause;break_clause_months;break_clause_notice_period;additional_terms;guarantor_required;guarantor_name;guarantor_address;guarantor_email;guarantor_phone;guarantor_dob;guarantor_relationship;joint_and_several_liability;is_hmo;number_of_sharers;communal_areas;hmo_licence_status;hmo_licence_number;hmo_licence_expiry;communal_cleaning;tenant_insurance_required;inventory_schedule_notes;late_payment_interest_applicable;late_payment_interest_rate;grace_period_days;late_payment_admin_fee;number_of_front_door_keys;number_of_back_door_keys;number_of_window_keys;number_of_mailbox_keys;access_cards_fobs;key_replacement_cost;other_keys_notes;contractor_access_notice_period;emergency_access_allowed;contractor_access_hours;tenant_presence_required;emergency_landlord_phone;emergency_plumber_phone;emergency_electrician_phone;emergency_gas_engineer_phone;emergency_locksmith_phone;water_shutoff_location;electricity_fuse_box_location;gas_shutoff_location;boiler_service_frequency;boiler_service_responsibility;gutter_cleaning_frequency;gutter_cleaning_responsibility;window_cleaning_frequency;appliance_maintenance_notes;lawn_mowing_frequency;lawn_mowing_responsibility;hedge_trimming_responsibility;weed_control_responsibility;outdoor_furniture_notes;pre_tenancy_meeting_required;move_in_inspection_required;photographic_inventory_provided;tenant_handbook_provided;utility_accounts_transfer_deadline;council_tax_registration_deadline;checkout_inspection_required;professional_cleaning_standard;carpet_cleaning_required;oven_cleaning_required;garden_condition_required;key_return_deadline;forwarding_address_required;deposit_return_timeline;regular_cleaning_expectations;deep_cleaning_areas;cleaning_checklist_provided;cleaning_cost_estimates;evidence.tenancy_agreement_uploaded;evidence.other_evidence_uploaded","uk/northern-ireland/templates/private_tenancy_agreement.hbs;uk/northern-ireland/templates/private_tenancy_premium.hbs","config/jurisdictions/uk/northern-ireland/templates/private_tenancy_agreement.hbs;config/jurisdictions/uk/northern-ireland/templates/private_tenancy_premium.hbs","","","",""
"scotland","eviction_pack","notice_to_leave","config/mqs/complete_pack/scotland.yaml","","case_overview;landlord_details;tenant_details;property_details;tenancy_details;arrears_status;arrears_details;scotland_ground_codes;scotland_ground_explanation;ground_1_rent_arrears_details;ground_4_occupy_details;ground_5_sell_details;ground_6_refurb_details;ground_2_breach_details;ground_3_asb_details;pre_action_protocol;pre_action_steps;tribunal_details;previous_proceedings;previous_proceedings_details;evidence_summary;evidence_uploads;service_contact;scotland_signatory_name;scotland_signature_date","case_overview;case_summary;particulars_of_claim;landlord_name;landlord_full_name;landlord_2_name;landlord_registration_number;landlord_email;landlord_phone;landlord_address_line1;landlord_address_line2;landlord_city;landlord_postcode;claimant_reference;tenant1_name;tenant1_email;tenant1_phone;tenant2_name;tenant2_email;tenant2_phone;occupants_in_property;property_address_line1;property_address_line2;property_city;property_postcode;property_type;tenancy_type;tenancy_start_date;tenancy_end_date;rent_amount;rent_frequency;rent_due_day;rent_payment_method;has_arrears;rent_arrears_has_arrears;arrears_total;arrears_at_notice_date;arrears_items;rent_schedule_uploaded;payment_attempts;scotland_ground_codes;scotland_ground_explanation;notice_reason;rent_arrears_months;pre_action_requirements_met;ground_1_pre_action_evidence;ground_1_particulars;landlord_intends_to_occupy;ground_4_who_occupying;ground_4_occupation_date;genuine_intention;no_alternative_accommodation;ground_4_particulars;landlord_intends_to_sell;sale_within_3_months;evidence_of_intention;ground_5_valuation_obtained;ground_5_estate_agent;ground_5_valuation_amount;ground_5_particulars;substantial_works_planned;vacant_possession_required;planning_obtained;funding_secured;ground_6_works_description;ground_6_works_cost;ground_6_works_duration;ground_6_particulars;breach_of_tenancy;breach_material;breach_continuing;ground_2_breach_type;ground_2_breach_dates;ground_2_particulars;antisocial_behavior;evidence_available;ground_3_asb_type;ground_3_asb_incidents;ground_3_police_involved;ground_3_particulars;pre_action.rent_statement_provided;pre_action.rent_statement_date;pre_action.advice_signposted;pre_action.advice_services;pre_action.reasonable_time_given;pre_action.time_given_days;pre_action.payment_plan_considered;pre_action.payment_plan_details;pre_action.housing_benefit_checked;pre_action.tenant_contact_dates;pre_action_letters_sent;pre_action_meetings;payment_plan_offered;attempts_to_resolve_summary;court_name;sheriffdom;tribunal_preferred_hearing_type;tribunal_special_arrangements;previous_proceedings;previous_proceedings_details;evidence_summary;evidence.tenancy_agreement_uploaded;evidence.rent_schedule_uploaded;evidence.asb_evidence_uploaded;evidence.other_evidence_uploaded;service_name;service_address_line1;service_address_line2;service_city;service_postcode;service_method_preference;service_email;service_phone;scotland_signatory_name;signatory_name;scotland_signature_date;signature_date","uk/scotland/templates/eviction/notice_to_leave_official.hbs","config/jurisdictions/uk/scotland/templates/eviction/notice_to_leave_official.hbs","","notice_to_leave;form_e","public/official-forms/scotland/notice_to_leave.pdf;public/official-forms/scotland/form_e_eviction.pdf",""
"scotland","money_claim","money_claim","config/mqs/money_claim/scotland.yaml","","pursuer_full_name;pursuer_secondary_name;pursuer_email;pursuer_phone;pursuer_address;claimant_reference;defender_full_name;defender_secondary_name;defender_contact;property_address;tenancy_start_date;tenancy_end_date;rent_amount;rent_frequency;rent_due_day;payment_day;sheriffdom;sheriff_court;court_jurisdiction_confirmed;basis_of_claim;arrears_total;arrears_schedule_upload;claim_damages;damage_items_description;damage_total;other_charges;charge_interest;interest_start_date;interest_rate;attempts_to_resolve;demand_letter_date;second_demand_date;pre_action_first_method;pre_action_response_deadline;pre_action_docs_sent;pre_action_second_method;pre_action_reply_received;pre_action_reply_details;pre_action_letter_14day;particulars_of_claim;evidence_summary;upload_tenancy_agreement;upload_rent_schedule;upload_bank_statements;upload_damage_evidence;arrears_schedule_confirm;evidence_types_available;pre_action_letter_served;pre_action_service_method;pre_action_service_proof;lodging_method;help_with_fees_needed;enforcement_preferences;enforcement_notes;signatory_name;signature_date;defender_disputes_claim;dispute_details;deposit_dispute_pending;deposit_dispute_amount;defender_counterclaim_likely;counterclaim_grounds;payment_plan_offered;payment_plan_response;defender_vulnerability_known;vulnerability_details;first_arrears_notice_date;first_notice_method;subsequent_reminders_count;final_demand_date;defender_acknowledged_debt;acknowledgment_date;defender_made_partial_payment;last_partial_payment_date;last_partial_payment_amount;tenancy_type;tenancy_written_or_verbal;rent_clause_description;arrears_calculation_method;arrears_ledger_available;arrears_period_description;bank_statements_available;inventory_checkout_available;damage_photos_available;damage_photos_description;repair_quotes_description;before_photos_available;correspondence_preserved;correspondence_format;key_correspondence_summary","landlord_name;landlord_co_claimant;landlord_email;landlord_phone;landlord_address_line1;landlord_address_line2;landlord_city;landlord_postcode;claimant_reference;defendant_name_1;defendant_name_2;defendant_email;defendant_phone;property_address_line1;property_address_line2;property_city;property_postcode;property_country;tenancy_start_date;tenancy_end_date;rent_amount;rent_frequency;rent_due_day;money_claim_payment_day;court_name;sheriffdom;court_jurisdiction_confirmed;basis_of_claim;total_arrears;claim_amount_rent;rent_schedule_uploaded;arrears_items;damage_claim;damage_items;claim_amount_other;other_charges;charge_interest;interest_start_date;interest_rate;attempts_to_resolve;demand_letter_date;second_demand_date;lba_method;lba_response_deadline;pap_documents_sent;lba_second_method;tenant_responded;tenant_response_details;pre_action_deadline_confirmation;particulars_of_claim;evidence_summary;tenancy_agreement_uploaded;bank_statements_uploaded;other_evidence_uploaded;arrears_schedule_confirmed;evidence_types_available;pap_documents_served;pap_service_method;pap_service_proof;lodging_method;help_with_fees_needed;enforcement_preferences;enforcement_notes;signatory_name;signature_date;risk.defender_disputes_claim;risk.dispute_details;risk.deposit_dispute_pending;risk.deposit_dispute_amount;risk.defender_counterclaim_likely;risk.counterclaim_grounds;risk.payment_plan_offered;risk.payment_plan_response;risk.defender_vulnerability_known;risk.vulnerability_details;communication.first_arrears_notice_date;communication.first_notice_method;communication.subsequent_reminders_sent;communication.final_demand_date;communication.defender_acknowledged_debt;communication.acknowledgment_date;communication.defender_made_partial_payment;communication.last_partial_payment_date;communication.last_partial_payment_amount;evidence.tenancy_type;evidence.tenancy_written_or_verbal;evidence.rent_clause_description;evidence.arrears_calculation_method;evidence.arrears_ledger_available;evidence.arrears_period_description;evidence.bank_statements_available;evidence.inventory_checkout_available;evidence.damage_photos_available;evidence.damage_photos_description;evidence.repair_quotes_description;evidence.before_photos_available;evidence.correspondence_preserved;evidence.correspondence_format;evidence.key_correspondence_summary","uk/scotland/templates/money_claims/pack_cover.hbs;uk/scotland/templates/money_claims/simple_procedure_particulars.hbs;uk/scotland/templates/money_claims/schedule_of_arrears.hbs;uk/scotland/templates/money_claims/interest_calculation.hbs;uk/scotland/templates/money_claims/evidence_index.hbs;uk/scotland/templates/money_claims/hearing_prep_sheet.hbs;uk/scotland/templates/money_claims/pre_action_letter.hbs;uk/scotland/templates/money_claims/enforcement_guide_scotland.hbs;uk/scotland/templates/money_claims/filing_guide_scotland.hbs","config/jurisdictions/uk/scotland/templates/money_claims/pack_cover.hbs;config/jurisdictions/uk/scotland/templates/money_claims/simple_procedure_particulars.hbs;config/jurisdictions/uk/scotland/templates/money_claims/schedule_of_arrears.hbs;config/jurisdictions/uk/scotland/templates/money_claims/interest_calculation.hbs;config/jurisdictions/uk/scotland/templates/money_claims/evidence_index.hbs;config/jurisdictions/uk/scotland/templates/money_claims/hearing_prep_sheet.hbs;config/jurisdictions/uk/scotland/templates/money_claims/pre_action_letter.hbs;config/jurisdictions/uk/scotland/templates/money_claims/enforcement_guide_scotland.hbs;config/jurisdictions/uk/scotland/templates/money_claims/filing_guide_scotland.hbs","","form_3a;form_4a_response","public/official-forms/scotland/form-3a.pdf;public/official-forms/scotland/simple_procedure_response_form.pdf",""
"scotland","notice_only","notice_to_leave","config/mqs/notice_only/scotland.yaml","","landlord_details;tenant_details;property_details;tenancy_type_and_dates;rent_terms;rent_arrears;arrears_amount;pre_action_contact;pre_action_protocol;deposit_protection;deposit_working_days_info;safety_checks;repairing_standard_met;repairing_standard_warning;compliance_dates;asb_details;asb_description;risk_indicators;eviction_grounds;ground_particulars;notice_service;evidence_tenancy_agreement;evidence_rent_schedule;evidence_correspondence;evidence_other;service_contact","landlord_full_name;landlord_address;landlord_email;landlord_phone;landlord_registration_number;tenant_full_name;tenant_2_name;property.address_line1;property.address_line2;property.city;property.postcode;tenancy.tenancy_type;tenancy.start_date;tenancy.rent_amount;tenancy.rent_frequency;tenancy.rent_due_day;issues.rent_arrears.has_arrears;issues.rent_arrears.total_arrears;issues.rent_arrears.pre_action_confirmed;scotland_pre_action.rent_statement_sent;scotland_pre_action.rent_statement_date;scotland_pre_action.advice_signposting;scotland_pre_action.signposted_to;scotland_pre_action.reasonable_time_given;scotland_pre_action.time_given_details;scotland_pre_action.payment_plan_offered;scotland_pre_action.payment_plan_details;scotland_pre_action.housing_benefit_check;scotland_pre_action.housing_benefit_details;tenancy.deposit_amount;tenancy.deposit_protected;tenancy.deposit_scheme_name;deposit_paid_date;deposit_protection_date;evidence.safety_certificates_uploaded;scotland_compliance.repairing_standard_met;compliance.gas_cert_date;compliance.gas_cert_expiry;compliance.eicr_date;compliance.smoke_alarm_check_date;issues.asb.has_asb;issues.asb.description;issues.asb.incidents;risk.known_tenant_defences;risk.disrepair_complaints;risk.disrepair_complaint_date;risk.disrepair_issues_list;risk.previous_court_proceedings;risk.previous_proceedings_details;risk.tenant_vulnerability;risk.tenant_vulnerability_details;eviction_grounds;scotland_ground_codes;ground_particulars;notice_reason;notice.notice_date;notice.expiry_date;notice.service_method;notice.served_by;evidence.tenancy_agreement_uploads;evidence.tenancy_agreement_description;evidence.rent_schedule_uploads;evidence.bank_statements_description;evidence.correspondence_uploads;evidence.correspondence_description;evidence.other_evidence_uploaded;service_contact.service_name;service_contact.service_address_line1;service_contact.service_city;service_contact.service_postcode;service_contact.service_email;service_contact.service_phone","uk/scotland/templates/eviction/notice_to_leave_official.hbs","config/jurisdictions/uk/scotland/templates/eviction/notice_to_leave_official.hbs","","notice_to_leave","public/official-forms/scotland/notice_to_leave.pdf",""
"scotland","tenancy_agreement","tenancy_agreement","config/mqs/tenancy_agreement/scotland.yaml","","prt_tier;prt_suitability;property_address;property_overview;outdoor_space;landlord_details;landlord_address;landlord_registration;agent_usage;agent_details;number_of_tenants;tenant_1;tenant_2;tenant_3;tenant_4;tenant_5;tenancy_type_and_dates;rent_details;deposit_details;prescribed_information_served;prescribed_information_date;bills_utilities;meter_readings;safety_compliance;maintenance_repairs;inventory_condition;access_inspections;property_rules;in_rent_pressure_zone;rent_increase;break_clause;break_clause_details;uses_model_tenancy_terms;additional_terms;guarantor_required;guarantor_details;joint_liability;hmo_details;tenant_insurance_requirements;detailed_inventory;late_payment_interest;key_schedule;contractor_access;emergency_procedures;maintenance_schedule;garden_maintenance_schedule;move_in_procedures;move_out_procedures;cleaning_standards;evidence_uploads","product_tier;tenancy.prt_suitability.tenant_is_individual;tenancy.prt_suitability.main_home;tenancy.prt_suitability.landlord_lives_at_property;tenancy.prt_suitability.holiday_or_licence;property_address_line1;property_address_town;property_address_postcode;property_type;number_of_bedrooms;furnished_status;parking_available;parking_details;has_garden;garden_maintenance;landlord_full_name;landlord_email;landlord_phone;landlord_address_line1;landlord_address_town;landlord_address_postcode;landlord_registration_number;landlord_registration_authority;agent_usage;agent_name;agent_address;agent_email;agent_phone;agent_signs;number_of_tenants;tenants.0.full_name;tenants.0.dob;tenants.0.email;tenants.0.phone;tenants.1.full_name;tenants.1.dob;tenants.1.email;tenants.1.phone;tenants.2.full_name;tenants.2.dob;tenants.2.email;tenants.2.phone;tenants.3.full_name;tenants.3.dob;tenants.3.email;tenants.3.phone;tenants.4.full_name;tenants.4.dob;tenants.4.email;tenants.4.phone;tenancy_start_date;is_fixed_term;term_length;tenancy_end_date;rent_amount;rent_period;rent_due_day;payment_method;payment_details;bank_account_name;bank_sort_code;bank_account_number;deposit_amount;deposit_scheme_name;deposit_paid_date;deposit_protection_date;deposit.already_protected;deposit.reference_number;deposit.prescribed_information_served;deposit.prescribed_information_date;council_tax_responsibility;utilities_responsibility;internet_responsibility;meter_reading_gas;meter_reading_electric;meter_reading_water;utility_transfer_responsibility;gas_safety_certificate;compliance.gas_cert_date;compliance.gas_cert_expiry;electrical_safety_certificate;compliance.eicr_date;compliance.eicr_next_inspection_date;epc_rating;compliance.epc_certificate_date;smoke_alarms_fitted;compliance.smoke_alarm_check_date;carbon_monoxide_alarms;repairing_standard_compliance;landlord_maintenance_responsibilities;repairs_reporting_method;emergency_contact;inventory_attached;professional_cleaning_required;decoration_condition;property_description;landlord_access_notice;inspection_frequency;end_of_tenancy_viewings;pets_allowed;approved_pets;smoking_allowed;subletting_allowed;in_rent_pressure_zone;rent_increase_clause;rent_increase_method;rent_increase_frequency;break_clause;break_clause_months;break_clause_notice_period;uses_model_tenancy_terms;additional_terms;guarantor_required;guarantor_name;guarantor_address;guarantor_email;guarantor_phone;guarantor_dob;guarantor_relationship;joint_and_several_liability;is_hmo;number_of_sharers;communal_areas;hmo_licence_status;hmo_licence_number;hmo_licence_expiry;communal_cleaning;tenant_insurance_required;inventory_schedule_notes;late_payment_interest_applicable;late_payment_interest_rate;grace_period_days;late_payment_admin_fee;number_of_front_door_keys;number_of_back_door_keys;number_of_window_keys;number_of_mailbox_keys;access_cards_fobs;key_replacement_cost;other_keys_notes;contractor_access_notice_period;emergency_access_allowed;contractor_access_hours;tenant_presence_required;emergency_landlord_phone;emergency_plumber_phone;emergency_electrician_phone;emergency_gas_engineer_phone;emergency_locksmith_phone;water_shutoff_location;electricity_fuse_box_location;gas_shutoff_location;boiler_service_frequency;boiler_service_responsibility;gutter_cleaning_frequency;gutter_cleaning_responsibility;window_cleaning_frequency;appliance_maintenance_notes;lawn_mowing_frequency;lawn_mowing_responsibility;hedge_trimming_responsibility;weed_control_responsibility;outdoor_furniture_notes;pre_tenancy_meeting_required;move_in_inspection_required;photographic_inventory_provided;tenant_handbook_provided;utility_accounts_transfer_deadline;council_tax_registration_deadline;checkout_inspection_required;professional_cleaning_standard;carpet_cleaning_required;oven_cleaning_required;garden_condition_required;key_return_deadline;forwarding_address_required;deposit_return_timeline;regular_cleaning_expectations;deep_cleaning_areas;cleaning_checklist_provided;cleaning_cost_estimates;evidence.tenancy_agreement_uploaded;evidence.other_evidence_uploaded","uk/scotland/templates/prt_agreement.hbs;uk/scotland/templates/prt_agreement_premium.hbs","config/jurisdictions/uk/scotland/templates/prt_agreement.hbs;config/jurisdictions/uk/scotland/templates/prt_agreement_premium.hbs","","","",""
"wales","eviction_pack","wales_section_173","config/mqs/complete_pack/wales.yaml","selected_notice_route","selected_notice_route;section173_compliance;wales_breach_grounds;wales_breach_details;property_address;tenancy_start_date;contract_holder_details;landlord_details;wales_compliance_dates;risk_indicators;wales_rent_arrears_details;wales_asb_details;wales_damage_details;communication_timeline;evidence_tenancy_agreement;evidence_bank_statements;evidence_notice_service;evidence_correspondence;evidence_other;evidence_uploads","selected_notice_route;wales_section173.deposit_protected;wales_section173.prescribed_info_served;wales_section173.written_statement_provided;wales_section173.fitness_for_habitation;wales_section173.six_month_minimum_passed;wales_breach_grounds;wales_breach_details;property_address_line1;property_address_town;property_address_postcode;tenancy_start_date;tenant_full_name;tenant_email;tenant_phone;landlord_full_name;landlord_address_line1;landlord_address_town;landlord_address_postcode;landlord_registration_number;compliance.gas_cert_date;compliance.gas_cert_expiry;compliance.epc_certificate_date;compliance.eicr_date;wales_compliance.written_statement_date;compliance.prescribed_info_date;risk.known_tenant_defences;risk.previous_court_proceedings;risk.previous_proceedings_details;risk.disrepair_complaints;risk.disrepair_complaint_date;risk.disrepair_issues_list;risk.tenant_vulnerability;risk.tenant_vulnerability_details;wales_arrears.amount;wales_arrears.last_payment_date;wales_arrears.last_payment_amount;wales_arrears.history;wales_arrears.payment_demands_sent;wales_arrears.tenant_response;wales_asb.type;wales_asb.incident_count;wales_asb.incidents_description;wales_asb.affected_parties;wales_asb.police_involved;wales_asb.police_reference;wales_asb.warnings_issued;wales_damage.description;wales_damage.discovered_date;wales_damage.cost;wales_damage.evidence;wales_damage.tenant_notified;wales_damage.tenant_response;communication_timeline.entries;communication_timeline.narrative;evidence.tenancy_agreement_uploads;evidence.tenancy_agreement_description;evidence.bank_statements_uploads;evidence.bank_statements_description;evidence.notice_service_uploads;evidence.notice_service_description;evidence.correspondence_uploads;evidence.correspondence_description;evidence.other_uploads;evidence.pack_documents_uploaded","uk/wales/templates/notice_only/rhw16_notice_termination_6_months/notice.hbs","config/jurisdictions/uk/wales/templates/notice_only/rhw16_notice_termination_6_months/notice.hbs","","n5_wales;n119_wales;n5b_wales","public/official-forms/N5_WALES_1222.pdf;public/official-forms/N119_WALES_1222.pdf;public/official-forms/N5B_WALES_0323.pdf",""
"wales","eviction_pack","wales_fault_based","config/mqs/complete_pack/wales.yaml","selected_notice_route","selected_notice_route;section173_compliance;wales_breach_grounds;wales_breach_details;property_address;tenancy_start_date;contract_holder_details;landlord_details;wales_compliance_dates;risk_indicators;wales_rent_arrears_details;wales_asb_details;wales_damage_details;communication_timeline;evidence_tenancy_agreement;evidence_bank_statements;evidence_notice_service;evidence_correspondence;evidence_other;evidence_uploads","selected_notice_route;wales_section173.deposit_protected;wales_section173.prescribed_info_served;wales_section173.written_statement_provided;wales_section173.fitness_for_habitation;wales_section173.six_month_minimum_passed;wales_breach_grounds;wales_breach_details;property_address_line1;property_address_town;property_address_postcode;tenancy_start_date;tenant_full_name;tenant_email;tenant_phone;landlord_full_name;landlord_address_line1;landlord_address_town;landlord_address_postcode;landlord_registration_number;compliance.gas_cert_date;compliance.gas_cert_expiry;compliance.epc_certificate_date;compliance.eicr_date;wales_compliance.written_statement_date;compliance.prescribed_info_date;risk.known_tenant_defences;risk.previous_court_proceedings;risk.previous_proceedings_details;risk.disrepair_complaints;risk.disrepair_complaint_date;risk.disrepair_issues_list;risk.tenant_vulnerability;risk.tenant_vulnerability_details;wales_arrears.amount;wales_arrears.last_payment_date;wales_arrears.last_payment_amount;wales_arrears.history;wales_arrears.payment_demands_sent;wales_arrears.tenant_response;wales_asb.type;wales_asb.incident_count;wales_asb.incidents_description;wales_asb.affected_parties;wales_asb.police_involved;wales_asb.police_reference;wales_asb.warnings_issued;wales_damage.description;wales_damage.discovered_date;wales_damage.cost;wales_damage.evidence;wales_damage.tenant_notified;wales_damage.tenant_response;communication_timeline.entries;communication_timeline.narrative;evidence.tenancy_agreement_uploads;evidence.tenancy_agreement_description;evidence.bank_statements_uploads;evidence.bank_statements_description;evidence.notice_service_uploads;evidence.notice_service_description;evidence.correspondence_uploads;evidence.correspondence_description;evidence.other_uploads;evidence.pack_documents_uploaded","uk/wales/templates/notice_only/rhw16_notice_termination_6_months/notice.hbs","config/jurisdictions/uk/wales/templates/notice_only/rhw16_notice_termination_6_months/notice.hbs","","n5_wales;n119_wales","public/official-forms/N5_WALES_1222.pdf;public/official-forms/N119_WALES_1222.pdf",""
"wales","money_claim","money_claim","config/mqs/money_claim/wales.yaml","","basis_of_claim;total_claim_amount;rent_arrears_details;property_damage_details;property_address;defendant_details;claimant_details;pre_action_compliance;preferred_court;risk_indicators;communication_timeline;evidence_uploads;occupation_contract_description;arrears_evidence_description;damage_evidence_description;correspondence_description","basis_of_claim;total_claim_amount;monthly_rent;arrears_amount;arrears_from_date;last_payment_date;damage_description;damage_cost;quotes_obtained;property_address_line1;property_address_town;property_address_postcode;tenant_full_name;tenant_address_line1;tenant_address_town;tenant_address_postcode;landlord_full_name;landlord_address_line1;landlord_address_town;landlord_address_postcode;landlord_phone;landlord_email;landlord_registration_number;pre_action.letter_before_claim_sent;pre_action.letter_sent_date;pre_action.response_deadline_passed;preferred_court;risk.contract_holder_disputes_claim;risk.dispute_details;risk.deposit_dispute_pending;risk.deposit_dispute_amount;risk.contract_holder_counterclaim_likely;risk.counterclaim_grounds;risk.payment_plan_offered;risk.payment_plan_response;risk.contract_holder_vulnerability_known;risk.vulnerability_details;risk.rent_smart_wales_compliant;communication.first_arrears_notice_date;communication.first_notice_method;communication.subsequent_reminders_sent;communication.final_demand_date;communication.contract_holder_acknowledged_debt;communication.acknowledgment_date;communication.contract_holder_made_partial_payment;communication.last_partial_payment_date;communication.last_partial_payment_amount;evidence.money_claim_evidence_uploaded;evidence.contract_type;evidence.contract_written_or_verbal;evidence.rent_clause_description;evidence.arrears_calculation_method;evidence.arrears_ledger_available;evidence.arrears_period_description;evidence.bank_statements_available;evidence.inventory_checkout_available;evidence.damage_photos_available;evidence.damage_photos_description;evidence.repair_quotes_description;evidence.before_photos_available;evidence.correspondence_preserved;evidence.correspondence_format;evidence.key_correspondence_summary","uk/england/templates/money_claims/pack_cover.hbs;uk/england/templates/money_claims/particulars_of_claim.hbs;uk/england/templates/money_claims/schedule_of_arrears.hbs;uk/england/templates/money_claims/interest_workings.hbs;uk/england/templates/money_claims/evidence_index.hbs;uk/england/templates/money_claims/hearing_prep_sheet.hbs;uk/england/templates/money_claims/letter_before_claim.hbs;uk/england/templates/money_claims/information_sheet_for_defendants.hbs;uk/england/templates/money_claims/reply_form.hbs;uk/england/templates/money_claims/financial_statement_form.hbs;uk/england/templates/money_claims/enforcement_guide.hbs;uk/england/templates/money_claims/filing_guide.hbs","config/jurisdictions/uk/england/templates/money_claims/pack_cover.hbs;config/jurisdictions/uk/england/templates/money_claims/particulars_of_claim.hbs;config/jurisdictions/uk/england/templates/money_claims/schedule_of_arrears.hbs;config/jurisdictions/uk/england/templates/money_claims/interest_workings.hbs;config/jurisdictions/uk/england/templates/money_claims/evidence_index.hbs;config/jurisdictions/uk/england/templates/money_claims/hearing_prep_sheet.hbs;config/jurisdictions/uk/england/templates/money_claims/letter_before_claim.hbs;config/jurisdictions/uk/england/templates/money_claims/information_sheet_for_defendants.hbs;config/jurisdictions/uk/england/templates/money_claims/reply_form.hbs;config/jurisdictions/uk/england/templates/money_claims/financial_statement_form.hbs;config/jurisdictions/uk/england/templates/money_claims/enforcement_guide.hbs;config/jurisdictions/uk/england/templates/money_claims/filing_guide.hbs","","n1","public/official-forms/N1_1224.pdf",""
"wales","notice_only","wales_section_173","config/mqs/notice_only/wales.yaml","selected_notice_route","landlord_details;is_fixed_term_contract;selected_notice_route;section_173_periodic_blocker;section_173_six_month_blocker;contract_holder_full_name;property_details;contract_start_date;rent_terms;wales_contract_category;wales_section173_blocked_info;rent_smart_wales_info;rent_smart_wales_registered;rent_smart_wales_blocker;deposit_taken_wales;deposit_protected_wales;deposit_scheme_wales_s173;deposit_protection_dates_s173;fitness_for_habitation;fitness_habitation_blocker;compliance_dates_wales;risk_indicators_wales;notice_service;wales_fault_based_section;deposit_taken_fault;deposit_protected_fault;deposit_scheme_fault;deposit_protection_dates_fault;rent_arrears_amount;asb_description;breach_description;evidence_tenancy_agreement;evidence_notice_service;evidence_other","landlord_full_name;landlord_address_line1;landlord_address_line2;landlord_city;landlord_postcode;landlord_phone;is_fixed_term;selected_notice_route;contract_holder_full_name;property_address_line1;property_address_line2;property_city;property_postcode;contract_start_date;rent_amount;rent_frequency;wales_contract_category;rent_smart_wales_registered;deposit_taken;deposit_protected;deposit_scheme;deposit_paid_date;deposit_protection_date;wales_compliance.property_fit_for_habitation;compliance.gas_cert_date;compliance.gas_cert_expiry;compliance.epc_certificate_date;compliance.eicr_date;wales_compliance.written_statement_date;compliance.prescribed_info_date;risk.known_tenant_defences;risk.disrepair_complaints;risk.disrepair_complaint_date;risk.disrepair_issues_list;risk.previous_court_proceedings;risk.previous_proceedings_details;risk.tenant_vulnerability;risk.tenant_vulnerability_details;notice_service.notice_date;notice_service.notice_expiry_date;notice_service.service_method;wales_fault_based_section;rent_arrears_amount;asb_description;breach_description;evidence.tenancy_agreement_uploads;evidence.tenancy_agreement_description;evidence.notice_service_uploads;evidence.notice_service_description;evidence.other_uploads","uk/wales/templates/notice_only/rhw16_notice_termination_6_months/notice.hbs;uk/wales/templates/notice_only/rhw17_notice_termination_2_months/notice.hbs","config/jurisdictions/uk/wales/templates/notice_only/rhw16_notice_termination_6_months/notice.hbs;config/jurisdictions/uk/wales/templates/notice_only/rhw17_notice_termination_2_months/notice.hbs","","","",""
"wales","notice_only","wales_fault_based","config/mqs/notice_only/wales.yaml","selected_notice_route","landlord_details;is_fixed_term_contract;selected_notice_route;section_173_periodic_blocker;section_173_six_month_blocker;contract_holder_full_name;property_details;contract_start_date;rent_terms;wales_contract_category;wales_section173_blocked_info;rent_smart_wales_info;rent_smart_wales_registered;rent_smart_wales_blocker;deposit_taken_wales;deposit_protected_wales;deposit_scheme_wales_s173;deposit_protection_dates_s173;fitness_for_habitation;fitness_habitation_blocker;compliance_dates_wales;risk_indicators_wales;notice_service;wales_fault_based_section;deposit_taken_fault;deposit_protected_fault;deposit_scheme_fault;deposit_protection_dates_fault;rent_arrears_amount;asb_description;breach_description;evidence_tenancy_agreement;evidence_notice_service;evidence_other","landlord_full_name;landlord_address_line1;landlord_address_line2;landlord_city;landlord_postcode;landlord_phone;is_fixed_term;selected_notice_route;contract_holder_full_name;property_address_line1;property_address_line2;property_city;property_postcode;contract_start_date;rent_amount;rent_frequency;wales_contract_category;rent_smart_wales_registered;deposit_taken;deposit_protected;deposit_scheme;deposit_paid_date;deposit_protection_date;wales_compliance.property_fit_for_habitation;compliance.gas_cert_date;compliance.gas_cert_expiry;compliance.epc_certificate_date;compliance.eicr_date;wales_compliance.written_statement_date;compliance.prescribed_info_date;risk.known_tenant_defences;risk.disrepair_complaints;risk.disrepair_complaint_date;risk.disrepair_issues_list;risk.previous_court_proceedings;risk.previous_proceedings_details;risk.tenant_vulnerability;risk.tenant_vulnerability_details;notice_service.notice_date;notice_service.notice_expiry_date;notice_service.service_method;wales_fault_based_section;rent_arrears_amount;asb_description;breach_description;evidence.tenancy_agreement_uploads;evidence.tenancy_agreement_description;evidence.notice_service_uploads;evidence.notice_service_description;evidence.other_uploads","uk/wales/templates/notice_only/rhw23_notice_before_possession_claim/notice.hbs","config/jurisdictions/uk/wales/templates/notice_only/rhw23_notice_before_possession_claim/notice.hbs","","","",""
"wales","tenancy_agreement","tenancy_agreement","config/mqs/tenancy_agreement/wales.yaml","","occupation_contract_tier;occupation_contract_suitability;property_address;property_overview;outdoor_space;landlord_details;landlord_address;rent_smart_wales_registration;agent_usage;agent_details;number_of_tenants;tenant_1;tenant_2;tenant_3;tenant_4;tenant_5;tenancy_type_and_dates;written_statement_compliance;rent_details;deposit_details;prescribed_information_served;prescribed_information_date;bills_utilities;meter_readings;fitness_for_habitation;safety_compliance;maintenance_repairs;inventory_condition;access_inspections;property_rules;rent_increase;break_clause;break_clause_details;additional_terms;guarantor_required;guarantor_details;joint_liability;hmo_details;tenant_insurance_requirements;detailed_inventory;late_payment_interest;key_schedule;contractor_access;emergency_procedures;maintenance_schedule;garden_maintenance_schedule;move_in_procedures;move_out_procedures;cleaning_standards;evidence_uploads","product_tier;tenancy.occupation_contract_suitability.tenant_is_individual;tenancy.occupation_contract_suitability.main_home;tenancy.occupation_contract_suitability.landlord_lives_at_property;tenancy.occupation_contract_suitability.holiday_or_licence;property_address_line1;property_address_town;property_address_postcode;property_type;number_of_bedrooms;furnished_status;parking_available;parking_details;has_garden;garden_maintenance;landlord_full_name;landlord_email;landlord_phone;landlord_address_line1;landlord_address_town;landlord_address_postcode;wales_compliance.rent_smart_wales_registered;wales_compliance.rent_smart_wales_number;wales_compliance.rent_smart_wales_expiry;agent_usage;agent_name;agent_address;agent_email;agent_phone;agent_signs;number_of_tenants;tenants.0.full_name;tenants.0.dob;tenants.0.email;tenants.0.phone;tenants.1.full_name;tenants.1.dob;tenants.1.email;tenants.1.phone;tenants.2.full_name;tenants.2.dob;tenants.2.email;tenants.2.phone;tenants.3.full_name;tenants.3.dob;tenants.3.email;tenants.3.phone;tenants.4.full_name;tenants.4.dob;tenants.4.email;tenants.4.phone;tenancy_start_date;is_fixed_term;term_length;tenancy_end_date;wales_compliance.written_statement_provided;wales_compliance.written_statement_date;rent_amount;rent_period;rent_due_day;payment_method;payment_details;bank_account_name;bank_sort_code;bank_account_number;deposit_amount;deposit_scheme_name;deposit_paid_date;deposit_protection_date;deposit.already_protected;deposit.reference_number;deposit.prescribed_information_served;deposit.prescribed_information_date;council_tax_responsibility;utilities_responsibility;internet_responsibility;meter_reading_gas;meter_reading_electric;meter_reading_water;utility_transfer_responsibility;wales_compliance.property_fit_for_habitation;wales_compliance.ffhh_inspection_date;gas_safety_certificate;compliance.gas_cert_date;compliance.gas_cert_expiry;electrical_safety_certificate;compliance.eicr_date;compliance.eicr_next_inspection_date;epc_rating;compliance.epc_certificate_date;smoke_alarms_fitted;carbon_monoxide_alarms;landlord_maintenance_responsibilities;repairs_reporting_method;emergency_contact;inventory_attached;professional_cleaning_required;decoration_condition;property_description;landlord_access_notice;inspection_frequency;end_of_tenancy_viewings;pets_allowed;approved_pets;smoking_allowed;subletting_allowed;rent_increase_clause;rent_increase_method;rent_increase_frequency;break_clause;break_clause_months;break_clause_notice_period;additional_terms;guarantor_required;guarantor_name;guarantor_address;guarantor_email;guarantor_phone;guarantor_dob;guarantor_relationship;joint_and_several_liability;is_hmo;number_of_sharers;communal_areas;hmo_licence_status;hmo_licence_number;hmo_licence_expiry;communal_cleaning;tenant_insurance_required;inventory_schedule_notes;late_payment_interest_applicable;late_payment_interest_rate;grace_period_days;late_payment_admin_fee;number_of_front_door_keys;number_of_back_door_keys;number_of_window_keys;number_of_mailbox_keys;access_cards_fobs;key_replacement_cost;other_keys_notes;contractor_access_notice_period;emergency_access_allowed;contractor_access_hours;tenant_presence_required;emergency_landlord_phone;emergency_plumber_phone;emergency_electrician_phone;emergency_gas_engineer_phone;emergency_locksmith_phone;water_shutoff_location;electricity_fuse_box_location;gas_shutoff_location;boiler_service_frequency;boiler_service_responsibility;gutter_cleaning_frequency;gutter_cleaning_responsibility;window_cleaning_frequency;appliance_maintenance_notes;lawn_mowing_frequency;lawn_mowing_responsibility;hedge_trimming_responsibility;weed_control_responsibility;outdoor_furniture_notes;pre_tenancy_meeting_required;move_in_inspection_required;photographic_inventory_provided;tenant_handbook_provided;utility_accounts_transfer_deadline;council_tax_registration_deadline;checkout_inspection_required;professional_cleaning_standard;carpet_cleaning_required;oven_cleaning_required;garden_condition_required;key_return_deadline;forwarding_address_required;deposit_return_timeline;regular_cleaning_expectations;deep_cleaning_areas;cleaning_checklist_provided;cleaning_cost_estimates;evidence.tenancy_agreement_uploaded;evidence.other_evidence_uploaded","uk/wales/templates/standard_occupation_contract.hbs;uk/wales/templates/premium_occupation_contract.hbs","config/jurisdictions/uk/wales/templates/standard_occupation_contract.hbs;config/jurisdictions/uk/wales/templates/premium_occupation_contract.hbs","","","",""