route,viewport,width,capture,file,result
/products/notice-only,mobile,390,full-page,screenshots/products-notice-only-mobile-full.png,PASS
/products/notice-only,mobile,390,first-viewport,screenshots/products-notice-only-mobile-first.png,PASS
/products/notice-only,tablet,768,full-page,screenshots/products-notice-only-tablet-full.png,PASS
/products/notice-only,tablet,768,first-viewport,screenshots/products-notice-only-tablet-first.png,PASS
/products/notice-only,desktop,1440,full-page,screenshots/products-notice-only-desktop-full.png,PASS
/products/notice-only,desktop,1440,first-viewport,screenshots/products-notice-only-desktop-first.png,PASS
/products/complete-pack,mobile,390,full-page,screenshots/products-complete-pack-mobile-full.png,PASS
/products/complete-pack,mobile,390,first-viewport,screenshots/products-complete-pack-mobile-first.png,PASS
/products/complete-pack,tablet,768,full-page,screenshots/products-complete-pack-tablet-full.png,PASS
/products/complete-pack,tablet,768,first-viewport,screenshots/products-complete-pack-tablet-first.png,PASS
/products/complete-pack,desktop,1440,full-page,screenshots/products-complete-pack-desktop-full.png,PASS
/products/complete-pack,desktop,1440,first-viewport,screenshots/products-complete-pack-desktop-first.png,PASS
/products/money-claim,mobile,390,full-page,screenshots/products-money-claim-mobile-full.png,PASS
/products/money-claim,mobile,390,first-viewport,screenshots/products-money-claim-mobile-first.png,PASS
/products/money-claim,tablet,768,full-page,screenshots/products-money-claim-tablet-full.png,PASS
/products/money-claim,tablet,768,first-viewport,screenshots/products-money-claim-tablet-first.png,PASS
/products/money-claim,desktop,1440,full-page,screenshots/products-money-claim-desktop-full.png,PASS
/products/money-claim,desktop,1440,first-viewport,screenshots/products-money-claim-desktop-first.png,PASS
/products/ast,mobile,390,full-page,screenshots/products-ast-mobile-full.png,PASS
/products/ast,mobile,390,first-viewport,screenshots/products-ast-mobile-first.png,PASS
/products/ast,tablet,768,full-page,screenshots/products-ast-tablet-full.png,PASS
/products/ast,tablet,768,first-viewport,screenshots/products-ast-tablet-first.png,PASS
/products/ast,desktop,1440,full-page,screenshots/products-ast-desktop-full.png,PASS
/products/ast,desktop,1440,first-viewport,screenshots/products-ast-desktop-first.png,PASS
/products/section-13-standard,mobile,390,full-page,screenshots/products-section-13-standard-mobile-full.png,PASS
/products/section-13-standard,mobile,390,first-viewport,screenshots/products-section-13-standard-mobile-first.png,PASS
/products/section-13-standard,tablet,768,full-page,screenshots/products-section-13-standard-tablet-full.png,PASS
/products/section-13-standard,tablet,768,first-viewport,screenshots/products-section-13-standard-tablet-first.png,PASS
/products/section-13-standard,desktop,1440,full-page,screenshots/products-section-13-standard-desktop-full.png,PASS
/products/section-13-standard,desktop,1440,first-viewport,screenshots/products-section-13-standard-desktop-first.png,PASS
/tools/hmo-license-checker,mobile,390,full-page,screenshots/tools-hmo-license-checker-mobile-full.png,PASS
/tools/hmo-license-checker,mobile,390,first-viewport,screenshots/tools-hmo-license-checker-mobile-first.png,PASS
/tools/hmo-license-checker,tablet,768,full-page,screenshots/tools-hmo-license-checker-tablet-full.png,PASS
/tools/hmo-license-checker,tablet,768,first-viewport,screenshots/tools-hmo-license-checker-tablet-first.png,PASS
/tools/hmo-license-checker,desktop,1440,full-page,screenshots/tools-hmo-license-checker-desktop-full.png,PASS
/tools/hmo-license-checker,desktop,1440,first-viewport,screenshots/tools-hmo-license-checker-desktop-first.png,PASS
/tools/rent-arrears-calculator,mobile,390,full-page,screenshots/tools-rent-arrears-calculator-mobile-full.png,PASS
/tools/rent-arrears-calculator,mobile,390,first-viewport,screenshots/tools-rent-arrears-calculator-mobile-first.png,PASS
/tools/rent-arrears-calculator,tablet,768,full-page,screenshots/tools-rent-arrears-calculator-tablet-full.png,PASS
/tools/rent-arrears-calculator,tablet,768,first-viewport,screenshots/tools-rent-arrears-calculator-tablet-first.png,PASS
/tools/rent-arrears-calculator,desktop,1440,full-page,screenshots/tools-rent-arrears-calculator-desktop-full.png,PASS
/tools/rent-arrears-calculator,desktop,1440,first-viewport,screenshots/tools-rent-arrears-calculator-desktop-first.png,PASS
/blog/how-to-write-letter-before-action-unpaid-rent,mobile,390,full-page,screenshots/blog-how-to-write-letter-before-action-unpaid-rent-mobile-full.png,PASS
/blog/how-to-write-letter-before-action-unpaid-rent,mobile,390,first-viewport,screenshots/blog-how-to-write-letter-before-action-unpaid-rent-mobile-first.png,PASS
/blog/how-to-write-letter-before-action-unpaid-rent,tablet,768,full-page,screenshots/blog-how-to-write-letter-before-action-unpaid-rent-tablet-full.png,PASS
/blog/how-to-write-letter-before-action-unpaid-rent,tablet,768,first-viewport,screenshots/blog-how-to-write-letter-before-action-unpaid-rent-tablet-first.png,PASS
/blog/how-to-write-letter-before-action-unpaid-rent,desktop,1440,full-page,screenshots/blog-how-to-write-letter-before-action-unpaid-rent-desktop-full.png,PASS
/blog/how-to-write-letter-before-action-unpaid-rent,desktop,1440,first-viewport,screenshots/blog-how-to-write-letter-before-action-unpaid-rent-desktop-first.png,PASS
/blog/bailiff-eviction-day-what-to-expect,mobile,390,full-page,screenshots/blog-bailiff-eviction-day-what-to-expect-mobile-full.png,PASS
/blog/bailiff-eviction-day-what-to-expect,mobile,390,first-viewport,screenshots/blog-bailiff-eviction-day-what-to-expect-mobile-first.png,PASS
/blog/bailiff-eviction-day-what-to-expect,tablet,768,full-page,screenshots/blog-bailiff-eviction-day-what-to-expect-tablet-full.png,PASS
/blog/bailiff-eviction-day-what-to-expect,tablet,768,first-viewport,screenshots/blog-bailiff-eviction-day-what-to-expect-tablet-first.png,PASS
/blog/bailiff-eviction-day-what-to-expect,desktop,1440,full-page,screenshots/blog-bailiff-eviction-day-what-to-expect-desktop-full.png,PASS
/blog/bailiff-eviction-day-what-to-expect,desktop,1440,first-viewport,screenshots/blog-bailiff-eviction-day-what-to-expect-desktop-first.png,PASS
/eviction-cost-uk,mobile,390,full-page,screenshots/eviction-cost-uk-mobile-full.png,PASS
/eviction-cost-uk,mobile,390,first-viewport,screenshots/eviction-cost-uk-mobile-first.png,PASS
/eviction-cost-uk,tablet,768,full-page,screenshots/eviction-cost-uk-tablet-full.png,PASS
/eviction-cost-uk,tablet,768,first-viewport,screenshots/eviction-cost-uk-tablet-first.png,PASS
/eviction-cost-uk,desktop,1440,full-page,screenshots/eviction-cost-uk-desktop-full.png,PASS
/eviction-cost-uk,desktop,1440,first-viewport,screenshots/eviction-cost-uk-desktop-first.png,PASS
/how-to-rent-guide,mobile,390,full-page,screenshots/how-to-rent-guide-mobile-full.png,PASS
/how-to-rent-guide,mobile,390,first-viewport,screenshots/how-to-rent-guide-mobile-first.png,PASS
/how-to-rent-guide,tablet,768,full-page,screenshots/how-to-rent-guide-tablet-full.png,PASS
/how-to-rent-guide,tablet,768,first-viewport,screenshots/how-to-rent-guide-tablet-first.png,PASS
/how-to-rent-guide,desktop,1440,full-page,screenshots/how-to-rent-guide-desktop-full.png,PASS
/how-to-rent-guide,desktop,1440,first-viewport,screenshots/how-to-rent-guide-desktop-first.png,PASS
/n5-n119-possession-claim,mobile,390,full-page,screenshots/n5-n119-possession-claim-mobile-full.png,PASS
/n5-n119-possession-claim,mobile,390,first-viewport,screenshots/n5-n119-possession-claim-mobile-first.png,PASS
/n5-n119-possession-claim,tablet,768,full-page,screenshots/n5-n119-possession-claim-tablet-full.png,PASS
/n5-n119-possession-claim,tablet,768,first-viewport,screenshots/n5-n119-possession-claim-tablet-first.png,PASS
/n5-n119-possession-claim,desktop,1440,full-page,screenshots/n5-n119-possession-claim-desktop-full.png,PASS
/n5-n119-possession-claim,desktop,1440,first-viewport,screenshots/n5-n119-possession-claim-desktop-first.png,PASS
/section-8-grounds/how-to-evict-a-tenant-using-ground-1a,mobile,390,full-page,screenshots/section-8-grounds-how-to-evict-a-tenant-using-ground-1a-mobile-full.png,PASS
/section-8-grounds/how-to-evict-a-tenant-using-ground-1a,mobile,390,first-viewport,screenshots/section-8-grounds-how-to-evict-a-tenant-using-ground-1a-mobile-first.png,PASS
/section-8-grounds/how-to-evict-a-tenant-using-ground-1a,tablet,768,full-page,screenshots/section-8-grounds-how-to-evict-a-tenant-using-ground-1a-tablet-full.png,PASS
/section-8-grounds/how-to-evict-a-tenant-using-ground-1a,tablet,768,first-viewport,screenshots/section-8-grounds-how-to-evict-a-tenant-using-ground-1a-tablet-first.png,PASS
/section-8-grounds/how-to-evict-a-tenant-using-ground-1a,desktop,1440,full-page,screenshots/section-8-grounds-how-to-evict-a-tenant-using-ground-1a-desktop-full.png,PASS
/section-8-grounds/how-to-evict-a-tenant-using-ground-1a,desktop,1440,first-viewport,screenshots/section-8-grounds-how-to-evict-a-tenant-using-ground-1a-desktop-first.png,PASS
